id,date_added,incident_date,date_precision,city,county,state,agency_name,agency_type,on_duty,officer_named,dogs_fired_at,dog_outcome,dog_breed_reported,dog_restrained,circumstance,warrant_type,human_injured_by_fire,dept_response,litigation,summary,source_name,source_url,additional_sources,confidence,prompt_version
1,2026-09-01,,unknown,Los Angeles,Los Angeles,CA,Los Angeles Police Department,municipal PD,yes,,1,unknown,,no,unrelated call response,none,no,The dog was taken to a facility for treatment by animal control officers; the officer was treated at the scene and at a hospital for puncture wounds to his leg.,none,An officer responding to a domestic incident report in the Green Meadows neighborhood of Los Angeles was bitten by an unrestrained dog that emerged from a property and charged at officers; police fired at the dog during the attack.,Patch,https://patch.com/california/los-angeles/police-shoot-dog-who-attacked-officer-los-angeles,https://www.yahoo.com/news/articles/officer-shoots-dog-being-attacked-193217024.html https://mynewsla.com/crime/2026/08/29/lapd-shoots-dog-who-attacked-officer-in-green-meadows/ https://mynewsla.com/crime/2026/08/27/lapd-shoots-dog-that-attacked-officer-in-green-meadows/,medium,2026-09-01.3
2,2026-09-01,,unknown,Charlotte,Mecklenburg,NC,unknown,county SO,unknown,,unknown,unknown,,no,loose/roaming dog,none,unknown,,unknown,"A sheriff's deputy fired at dog(s) during a pack attack on a couple in northwest Charlotte, North Carolina.",WCNC,https://www.wcnc.com/video/news/seven-loose-dogs-attack-couple-in-northwest-charlotte/275-141cb8f5-2bb3-4e08-a914-979400cd889d,https://www.wcnc.com/article/news/local/4-people-hurt-in-northwest-charlotte-dog-attack/275-caa2df40-7bc1-4bdb-b28f-26985dd577c7,low,2026-09-01.3
3,2026-09-01,,unknown,,,FL,unknown,unknown,unknown,,unknown,unknown,,unknown,unknown,unknown,unknown,,unknown,A woman was arrested near Mar-a-Lago following a standoff; officers shot a dog during the incident.,People.com,https://people.com/police-shoot-dog-arrest-woman-following-standoff-near-mar-a-lago-12068767,,low,2026-09-01.3
4,2026-09-01,2026-08-14,day,Sunland Park,Los Angeles,CA,"Los Angeles County Sheriff's Department, Crescenta Valley Station",county SO,yes,,1,injured-survived,pit bull,no,unrelated call response,none,unknown,Sheriff's Captain Ryan Vienna commended the deputies for attempting non-lethal de-escalation with the Taser before using the firearm; administrative review of the deputy's decision is pending.,none,"A Los Angeles County Sheriff's deputy shot a pit bull during the arrest of a grand theft suspect near Sunland Park Recreation Center. The dog attacked deputies, who first deployed a Taser; when that failed, a deputy fired on the animal, which survived and was taken to a veterinary hospital.",Hoodline,https://hoodline.com/2026/08/sunland-park-foot-chase-ends-with-deputy-shooting-suspect-s-pit-bull/,https://www.cbsnews.com/losangeles/video/la-county-deputy-shoots-dog-while-arresting-grand-theft-suspect-in-sunland-park/ https://www.nbclosangeles.com/video/news/local/deputy-shoots-dog-sunland/3931932/ https://www.yahoo.com/news/videos/la-county-deputy-shoots-dog-232500958.html,high,2026-09-01.3
5,2026-09-01,2024-11-14,day,Los Angeles,Los Angeles,CA,Los Angeles County Sheriff's Department,county SO,yes,,1,injured-survived,pit bull,no,pursuit,none,unknown,"Captain Ryan A. Vienna stated: ""This is an unfortunate incident, and I applaud the deputies for their extraordinary efforts to de-escalate the situation with the animal before resorting to potentially lethal force.""",none,Los Angeles County Sheriff's deputies shot a pit bull in Sunland on Thursday afternoon while pursuing a theft suspect. Officers said the dog attacked one deputy; a Taser was deployed first without effect before a deputy opened fire. The dog was transported to a veterinary hospital.,ABC7 Los Angeles,https://abc7.com/post/la-county-sheriffs-deputies-shoot-dog-during-foot-pursuit-theft-suspect-sunland/19715244/,,high,2026-09-01.3
6,2026-09-01,2026-08-20,day,Sunland,Los Angeles,CA,Los Angeles County Sheriff's Department,county SO,yes,,1,injured-survived,pit bull,no,other,none,unknown,"Sheriff's officials stated that the deputy tried to Tase the dog multiple times before firing, and Capt. Ryan Vienna commended the deputies' efforts to de-escalate the situation before resorting to potentially lethal force.",none,A Los Angeles County sheriff's deputy shot a pit bull multiple times on Aug. 20 after the dog allegedly lunged at and tried to bite deputies who were apprehending a suspect near Sunland Park Recreation Center. Deputies had first attempted to use a Taser on the dog; the animal was taken to a veterinary hospital and its condition was not specified.,dailynews.com,https://www.dailynews.com/2026/08/20/at-least-1-deputy-shoots-pit-bull-during-arrest-near-sunland-park/,https://www.nbclosangeles.com/news/local/sunland-deputy-dog-shooting-investigation/3931913/ https://www.cbsnews.com/losangeles/news/la-county-deputy-shoots-dog-while-arresting-grand-theft-suspect-at-park/ https://www.yahoo.com/news/articles/l-deputies-shoot-pit-bull-011821653.html,high,2026-09-01.3
7,2026-09-01,,unknown,,Hopkins,TX,Hopkins County Sheriff's Office,county SO,yes,,1,killed,,no,warrant service,arrest warrant,unknown,The incident remains under investigation and officials are reviewing the circumstances.,none,"A Hopkins County Sheriff's deputy shot and killed a dog while serving a high-risk felony arrest warrant on Wednesday. According to the sheriff's office, the dog pushed past a resident and lunged at the deputy, prompting the deputy to fire, striking the dog fatally.",Yahoo,https://www.yahoo.com/news/us/articles/hopkins-county-deputy-shoots-dog-155912994.html,https://www.greenvillechronicle.com/s/5082/Hopkins-County-Deputy-Fatally-Shoots-Dog-While-Attempting-to-Serve-High-Risk-Felony-Warrant.php,medium,2026-09-01.3
8,2026-09-01,,unknown,Allentown,,PA,Allentown Police,municipal PD,unknown,,1,killed,,no,loose/roaming dog,none,unknown,,unknown,"An officer in Allentown, Pennsylvania shot a loose dog that had attacked three people, according to police.",lehighvalleylive,https://www.lehighvalleylive.com/allentown/2026/08/loose-dog-shot-by-officer-after-attacking-3-in-allentown-police-say.html,,low,2026-09-01.3
9,2026-09-01,2026-08-13,day,Twin Falls,Twin Falls County,ID,Twin Falls Police Department,municipal PD,yes,,1,injured-survived,Rottweiler,no,unrelated call response,none,no,Twin Falls County Sheriff's Office referred for independent investigation; dog was transported by Animal Control to veterinary office for treatment and care.,none,A Twin Falls police officer shot a Rottweiler that ran toward the officer from the side of a house while the officer was at the residence as part of an active investigation. The dog was treated by a veterinarian and released to its owner.,KMVT,https://www.kmvt.com/2026/08/13/twin-falls-officer-shoots-dog-during-investigation-visit/,https://www.yahoo.com/news/us/articles/tfpd-officer-shoots-dog-twin-234429901.html https://www.kmvt.com/video/2026/08/13/dog-released-after-being-shot-by-twin-falls-police-officer/,high,2026-09-01.3
